Input file,Prediction
./images/test\Barcelona_crop_0.png,Barcelona_10.jpg
./images/test\Barcelona_crop_1.png,Barcelona_01.jpg
./images/test\Barcelona_crop_10.png,Barcelona_01.jpg
./images/test\Barcelona_crop_11.png,Barcelona_01.jpg
./images/test\Barcelona_crop_12.png,Barcelona_00.jpg
./images/test\Barcelona_crop_13.png,Barcelona_01.jpg
./images/test\Barcelona_crop_15.png,Barcelona_01.jpg
./images/test\Barcelona_crop_16.png,Barcelona_01.jpg
./images/test\Barcelona_crop_17.png,Barcelona_01.jpg
./images/test\Barcelona_crop_19.png,Barcelona_01.jpg
./images/test\Barcelona_crop_2.png,Barcelona_00.jpg
./images/test\Barcelona_crop_20.png,Barcelona_10.jpg
./images/test\Barcelona_crop_21.png,Madrid_11.jpg
./images/test\Barcelona_crop_22.png,Barcelona_10.jpg
./images/test\Barcelona_crop_23.png,Stockholm_11.jpg
./images/test\Barcelona_crop_26.png,Barcelona_00.jpg
./images/test\Barcelona_crop_27.png,Barcelona_01.jpg
./images/test\Barcelona_crop_3.png,Barcelona_01.jpg
./images/test\Barcelona_crop_30.png,Barcelona_01.jpg
./images/test\Barcelona_crop_31.png,London_01.jpg
./images/test\Barcelona_crop_33.png,Barcelona_01.jpg
./images/test\Barcelona_crop_35.png,Barcelona_10.jpg
./images/test\Barcelona_crop_38.png,Barcelona_00.jpg
./images/test\Barcelona_crop_4.png,London_01.jpg
./images/test\Barcelona_crop_40.png,Barcelona_01.jpg
./images/test\Barcelona_crop_42.png,Barcelona_10.jpg
./images/test\Barcelona_crop_43.png,Barcelona_01.jpg
./images/test\Barcelona_crop_44.png,Barcelona_01.jpg
./images/test\Barcelona_crop_45.png,Barcelona_01.jpg
./images/test\Barcelona_crop_46.png,London_01.jpg
./images/test\Barcelona_crop_47.png,Barcelona_01.jpg
./images/test\Barcelona_crop_48.png,Barcelona_01.jpg
./images/test\Barcelona_crop_5.png,Barcelona_01.jpg
./images/test\Barcelona_crop_50.png,Madrid_11.jpg
./images/test\Barcelona_crop_51.png,Barcelona_01.jpg
./images/test\Barcelona_crop_52.png,Barcelona_10.jpg
./images/test\Barcelona_crop_53.png,Barcelona_01.jpg
./images/test\Barcelona_crop_54.png,Barcelona_01.jpg
./images/test\Barcelona_crop_55.png,Barcelona_10.jpg
./images/test\Barcelona_crop_56.png,Madrid_11.jpg
./images/test\Barcelona_crop_58.png,Barcelona_10.jpg
./images/test\Barcelona_crop_59.png,Barcelona_11.jpg
./images/test\Barcelona_crop_60.png,Barcelona_01.jpg
./images/test\Barcelona_crop_61.png,Paris_00.jpg
./images/test\Barcelona_crop_62.png,London_01.jpg
./images/test\Barcelona_crop_63.png,Barcelona_00.jpg
./images/test\Barcelona_crop_65.png,Barcelona_01.jpg
./images/test\Barcelona_crop_66.png,Barcelona_01.jpg
./images/test\Barcelona_crop_67.png,Barcelona_01.jpg
./images/test\Barcelona_crop_68.png,Barcelona_10.jpg
./images/test\Barcelona_crop_7.png,Barcelona_01.jpg
./images/test\Barcelona_crop_72.png,Barcelona_01.jpg
./images/test\Barcelona_crop_73.png,Barcelona_10.jpg
./images/test\Barcelona_crop_74.png,Barcelona_00.jpg
./images/test\Barcelona_crop_76.png,Barcelona_10.jpg
./images/test\Barcelona_crop_77.png,Barcelona_00.jpg
./images/test\Barcelona_crop_79.png,Barcelona_00.jpg
./images/test\Barcelona_crop_8.png,Barcelona_00.jpg
./images/test\Barcelona_crop_80.png,Barcelona_01.jpg
./images/test\Barcelona_crop_82.png,Barcelona_01.jpg
./images/test\Barcelona_crop_85.png,Barcelona_01.jpg
./images/test\Barcelona_crop_86.png,Budapest_01.jpg
./images/test\Barcelona_crop_87.png,Barcelona_10.jpg
./images/test\Barcelona_crop_88.png,Barcelona_01.jpg
./images/test\Barcelona_crop_89.png,Stockholm_01.jpg
./images/test\Barcelona_crop_9.png,London_01.jpg
./images/test\Barcelona_crop_91.png,Stockholm_11.jpg
./images/test\Barcelona_crop_92.png,Madrid_11.jpg
./images/test\Barcelona_crop_94.png,Barcelona_00.jpg
./images/test\Barcelona_crop_97.png,Budapest_01.jpg
./images/test\Barcelona_crop_99.png,Barcelona_01.jpg
./images/test\Berlin_crop_0.png,Berlin_10.jpg
./images/test\Berlin_crop_1.png,Berlin_11.jpg
./images/test\Berlin_crop_10.png,Barcelona_11.jpg
./images/test\Berlin_crop_11.png,Berlin_11.jpg
./images/test\Berlin_crop_12.png,Berlin_11.jpg
./images/test\Berlin_crop_13.png,Berlin_10.jpg
./images/test\Berlin_crop_14.png,Berlin_10.jpg
./images/test\Berlin_crop_15.png,Berlin_11.jpg
./images/test\Berlin_crop_16.png,Berlin_11.jpg
./images/test\Berlin_crop_17.png,Berlin_11.jpg
./images/test\Berlin_crop_18.png,Berlin_11.jpg
./images/test\Berlin_crop_19.png,Berlin_11.jpg
./images/test\Berlin_crop_2.png,Berlin_01.jpg
./images/test\Berlin_crop_20.png,Berlin_00.jpg
./images/test\Berlin_crop_21.png,Berlin_01.jpg
./images/test\Berlin_crop_23.png,Berlin_11.jpg
./images/test\Berlin_crop_24.png,Berlin_01.jpg
./images/test\Berlin_crop_25.png,Berlin_11.jpg
./images/test\Berlin_crop_26.png,Berlin_01.jpg
./images/test\Berlin_crop_27.png,Berlin_11.jpg
./images/test\Berlin_crop_28.png,Berlin_00.jpg
./images/test\Berlin_crop_29.png,Berlin_11.jpg
./images/test\Berlin_crop_3.png,Berlin_01.jpg
./images/test\Berlin_crop_30.png,Berlin_11.jpg
./images/test\Berlin_crop_31.png,Berlin_00.jpg
./images/test\Berlin_crop_32.png,Berlin_01.jpg
./images/test\Berlin_crop_33.png,Berlin_00.jpg
./images/test\Berlin_crop_35.png,Berlin_01.jpg
./images/test\Berlin_crop_36.png,Berlin_11.jpg
./images/test\Berlin_crop_37.png,Berlin_10.jpg
./images/test\Berlin_crop_38.png,Berlin_11.jpg
./images/test\Berlin_crop_39.png,Berlin_01.jpg
./images/test\Berlin_crop_4.png,Berlin_01.jpg
./images/test\Berlin_crop_40.png,Berlin_01.jpg
./images/test\Berlin_crop_41.png,Berlin_11.jpg
./images/test\Berlin_crop_42.png,Berlin_00.jpg
./images/test\Berlin_crop_43.png,Berlin_01.jpg
./images/test\Berlin_crop_44.png,Berlin_10.jpg
./images/test\Berlin_crop_45.png,Berlin_01.jpg
./images/test\Berlin_crop_46.png,Berlin_01.jpg
./images/test\Berlin_crop_47.png,Berlin_11.jpg
./images/test\Berlin_crop_48.png,Berlin_11.jpg
./images/test\Berlin_crop_49.png,Berlin_11.jpg
./images/test\Berlin_crop_5.png,Berlin_01.jpg
./images/test\Berlin_crop_51.png,Barcelona_11.jpg
./images/test\Berlin_crop_52.png,Berlin_10.jpg
./images/test\Berlin_crop_53.png,Barcelona_11.jpg
./images/test\Berlin_crop_54.png,Berlin_01.jpg
./images/test\Berlin_crop_55.png,Berlin_11.jpg
./images/test\Berlin_crop_56.png,Berlin_11.jpg
./images/test\Berlin_crop_57.png,Berlin_11.jpg
./images/test\Berlin_crop_58.png,Berlin_11.jpg
./images/test\Berlin_crop_59.png,Berlin_10.jpg
./images/test\Berlin_crop_6.png,Berlin_00.jpg
./images/test\Berlin_crop_60.png,Berlin_00.jpg
./images/test\Berlin_crop_61.png,Berlin_11.jpg
./images/test\Berlin_crop_62.png,Berlin_11.jpg
./images/test\Berlin_crop_63.png,Berlin_00.jpg
./images/test\Berlin_crop_64.png,Berlin_01.jpg
./images/test\Berlin_crop_65.png,Berlin_00.jpg
./images/test\Berlin_crop_66.png,Berlin_11.jpg
./images/test\Berlin_crop_67.png,Berlin_10.jpg
./images/test\Berlin_crop_68.png,Berlin_10.jpg
./images/test\Berlin_crop_69.png,Berlin_11.jpg
./images/test\Berlin_crop_7.png,Berlin_10.jpg
./images/test\Berlin_crop_70.png,Berlin_11.jpg
./images/test\Berlin_crop_71.png,Berlin_10.jpg
./images/test\Berlin_crop_72.png,Berlin_10.jpg
./images/test\Berlin_crop_73.png,Berlin_00.jpg
./images/test\Berlin_crop_75.png,Berlin_10.jpg
./images/test\Berlin_crop_76.png,Berlin_11.jpg
./images/test\Berlin_crop_77.png,Berlin_11.jpg
./images/test\Berlin_crop_79.png,Berlin_11.jpg
./images/test\Berlin_crop_8.png,Berlin_01.jpg
./images/test\Berlin_crop_80.png,Berlin_01.jpg
./images/test\Berlin_crop_81.png,Berlin_11.jpg
./images/test\Berlin_crop_82.png,Berlin_00.jpg
./images/test\Berlin_crop_83.png,Berlin_10.jpg
./images/test\Berlin_crop_84.png,Berlin_11.jpg
./images/test\Berlin_crop_85.png,Berlin_11.jpg
./images/test\Berlin_crop_86.png,Berlin_00.jpg
./images/test\Berlin_crop_87.png,Berlin_01.jpg
./images/test\Berlin_crop_88.png,Berlin_00.jpg
./images/test\Berlin_crop_89.png,Berlin_10.jpg
./images/test\Berlin_crop_9.png,Berlin_11.jpg
./images/test\Berlin_crop_90.png,Berlin_11.jpg
./images/test\Berlin_crop_91.png,Berlin_01.jpg
./images/test\Berlin_crop_92.png,Berlin_10.jpg
./images/test\Berlin_crop_93.png,Barcelona_11.jpg
./images/test\Berlin_crop_94.png,Berlin_01.jpg
./images/test\Berlin_crop_95.png,Berlin_11.jpg
./images/test\Berlin_crop_96.png,Berlin_01.jpg
./images/test\Berlin_crop_97.png,Berlin_11.jpg
./images/test\Berlin_crop_98.png,Berlin_11.jpg
./images/test\Berlin_crop_99.png,Berlin_00.jpg
./images/test\Budapest_crop_0.png,Stockholm_10.jpg
./images/test\Budapest_crop_1.png,Budapest_01.jpg
./images/test\Budapest_crop_10.png,Budapest_11.jpg
./images/test\Budapest_crop_11.png,Budapest_01.jpg
./images/test\Budapest_crop_12.png,Budapest_01.jpg
./images/test\Budapest_crop_13.png,Budapest_10.jpg
./images/test\Budapest_crop_14.png,Budapest_11.jpg
./images/test\Budapest_crop_15.png,Budapest_10.jpg
./images/test\Budapest_crop_16.png,Budapest_10.jpg
./images/test\Budapest_crop_17.png,Stockholm_10.jpg
./images/test\Budapest_crop_18.png,Budapest_11.jpg
./images/test\Budapest_crop_19.png,Budapest_11.jpg
./images/test\Budapest_crop_2.png,Barcelona_10.jpg
./images/test\Budapest_crop_20.png,Stockholm_10.jpg
./images/test\Budapest_crop_21.png,Stockholm_10.jpg
./images/test\Budapest_crop_22.png,Budapest_01.jpg
./images/test\Budapest_crop_23.png,Budapest_01.jpg
./images/test\Budapest_crop_24.png,Budapest_01.jpg
./images/test\Budapest_crop_25.png,Budapest_11.jpg
./images/test\Budapest_crop_26.png,Budapest_01.jpg
./images/test\Budapest_crop_27.png,Budapest_11.jpg
./images/test\Budapest_crop_28.png,Budapest_01.jpg
./images/test\Budapest_crop_29.png,Budapest_11.jpg
./images/test\Budapest_crop_3.png,Budapest_01.jpg
./images/test\Budapest_crop_30.png,Budapest_01.jpg
./images/test\Budapest_crop_31.png,Budapest_01.jpg
./images/test\Budapest_crop_32.png,Budapest_10.jpg
./images/test\Budapest_crop_33.png,Budapest_11.jpg
./images/test\Budapest_crop_34.png,Budapest_11.jpg
./images/test\Budapest_crop_35.png,Budapest_11.jpg
./images/test\Budapest_crop_36.png,Budapest_11.jpg
./images/test\Budapest_crop_37.png,Stockholm_10.jpg
./images/test\Budapest_crop_38.png,Budapest_10.jpg
./images/test\Budapest_crop_39.png,Budapest_10.jpg
./images/test\Budapest_crop_4.png,Budapest_11.jpg
./images/test\Budapest_crop_40.png,Budapest_11.jpg
./images/test\Budapest_crop_41.png,Budapest_01.jpg
./images/test\Budapest_crop_42.png,Budapest_10.jpg
./images/test\Budapest_crop_43.png,Stockholm_10.jpg
./images/test\Budapest_crop_44.png,Stockholm_10.jpg
./images/test\Budapest_crop_45.png,Budapest_01.jpg
./images/test\Budapest_crop_46.png,Budapest_10.jpg
./images/test\Budapest_crop_47.png,Budapest_11.jpg
./images/test\Budapest_crop_48.png,Barcelona_01.jpg
./images/test\Budapest_crop_49.png,Budapest_11.jpg
./images/test\Budapest_crop_5.png,Budapest_11.jpg
./images/test\Budapest_crop_50.png,Budapest_11.jpg
./images/test\Budapest_crop_51.png,Budapest_10.jpg
./images/test\Budapest_crop_52.png,Budapest_10.jpg
./images/test\Budapest_crop_53.png,Budapest_01.jpg
./images/test\Budapest_crop_54.png,Barcelona_01.jpg
./images/test\Budapest_crop_55.png,Budapest_10.jpg
./images/test\Budapest_crop_56.png,Stockholm_10.jpg
./images/test\Budapest_crop_57.png,Budapest_01.jpg
./images/test\Budapest_crop_58.png,Budapest_11.jpg
./images/test\Budapest_crop_59.png,Budapest_10.jpg
./images/test\Budapest_crop_6.png,Budapest_10.jpg
./images/test\Budapest_crop_60.png,Budapest_10.jpg
./images/test\Budapest_crop_61.png,Budapest_01.jpg
./images/test\Budapest_crop_62.png,Budapest_01.jpg
./images/test\Budapest_crop_63.png,Budapest_01.jpg
./images/test\Budapest_crop_64.png,Barcelona_10.jpg
./images/test\Budapest_crop_65.png,Budapest_10.jpg
./images/test\Budapest_crop_66.png,Budapest_10.jpg
./images/test\Budapest_crop_67.png,Budapest_11.jpg
./images/test\Budapest_crop_68.png,Barcelona_10.jpg
./images/test\Budapest_crop_69.png,Budapest_11.jpg
./images/test\Budapest_crop_7.png,Budapest_01.jpg
./images/test\Budapest_crop_70.png,Budapest_11.jpg
./images/test\Budapest_crop_71.png,Budapest_11.jpg
./images/test\Budapest_crop_72.png,Budapest_11.jpg
./images/test\Budapest_crop_73.png,Stockholm_11.jpg
./images/test\Budapest_crop_74.png,Budapest_10.jpg
./images/test\Budapest_crop_75.png,Budapest_01.jpg
./images/test\Budapest_crop_78.png,Budapest_10.jpg
./images/test\Budapest_crop_79.png,Budapest_01.jpg
./images/test\Budapest_crop_8.png,Stockholm_10.jpg
./images/test\Budapest_crop_80.png,Budapest_01.jpg
./images/test\Budapest_crop_81.png,Stockholm_10.jpg
./images/test\Budapest_crop_82.png,Budapest_11.jpg
./images/test\Budapest_crop_83.png,Budapest_11.jpg
./images/test\Budapest_crop_84.png,Budapest_11.jpg
./images/test\Budapest_crop_85.png,Budapest_11.jpg
./images/test\Budapest_crop_86.png,Budapest_11.jpg
./images/test\Budapest_crop_87.png,Budapest_01.jpg
./images/test\Budapest_crop_88.png,Budapest_01.jpg
./images/test\Budapest_crop_89.png,Budapest_11.jpg
./images/test\Budapest_crop_9.png,Budapest_01.jpg
./images/test\Budapest_crop_90.png,Budapest_11.jpg
./images/test\Budapest_crop_91.png,Budapest_10.jpg
./images/test\Budapest_crop_92.png,Budapest_01.jpg
./images/test\Budapest_crop_93.png,Barcelona_10.jpg
./images/test\Budapest_crop_95.png,Budapest_11.jpg
./images/test\Budapest_crop_96.png,Budapest_01.jpg
./images/test\Budapest_crop_97.png,Budapest_11.jpg
./images/test\Budapest_crop_99.png,Budapest_11.jpg
./images/test\London_crop_0.png,London_10.jpg
./images/test\London_crop_1.png,Berlin_00.jpg
./images/test\London_crop_10.png,London_11.jpg
./images/test\London_crop_12.png,London_10.jpg
./images/test\London_crop_14.png,London_10.jpg
./images/test\London_crop_15.png,London_10.jpg
./images/test\London_crop_16.png,London_10.jpg
./images/test\London_crop_17.png,London_11.jpg
./images/test\London_crop_18.png,London_10.jpg
./images/test\London_crop_19.png,London_00.jpg
./images/test\London_crop_2.png,London_10.jpg
./images/test\London_crop_20.png,London_10.jpg
./images/test\London_crop_21.png,London_10.jpg
./images/test\London_crop_22.png,Paris_10.jpg
./images/test\London_crop_24.png,London_11.jpg
./images/test\London_crop_25.png,London_11.jpg
./images/test\London_crop_26.png,London_11.jpg
./images/test\London_crop_28.png,London_11.jpg
./images/test\London_crop_29.png,London_11.jpg
./images/test\London_crop_3.png,London_11.jpg
./images/test\London_crop_31.png,London_10.jpg
./images/test\London_crop_32.png,London_11.jpg
./images/test\London_crop_33.png,London_11.jpg
./images/test\London_crop_34.png,London_10.jpg
./images/test\London_crop_35.png,London_10.jpg
./images/test\London_crop_36.png,London_10.jpg
./images/test\London_crop_37.png,London_11.jpg
./images/test\London_crop_38.png,Zagreb_01.jpg
./images/test\London_crop_4.png,London_10.jpg
./images/test\London_crop_41.png,London_11.jpg
./images/test\London_crop_43.png,Berlin_10.jpg
./images/test\London_crop_44.png,London_11.jpg
./images/test\London_crop_45.png,London_11.jpg
./images/test\London_crop_46.png,London_10.jpg
./images/test\London_crop_47.png,London_11.jpg
./images/test\London_crop_48.png,Zagreb_01.jpg
./images/test\London_crop_49.png,London_10.jpg
./images/test\London_crop_5.png,London_10.jpg
./images/test\London_crop_50.png,London_10.jpg
./images/test\London_crop_51.png,London_11.jpg
./images/test\London_crop_52.png,Zagreb_11.jpg
./images/test\London_crop_53.png,London_11.jpg
./images/test\London_crop_54.png,Zagreb_01.jpg
./images/test\London_crop_55.png,London_11.jpg
./images/test\London_crop_56.png,London_10.jpg
./images/test\London_crop_57.png,London_11.jpg
./images/test\London_crop_58.png,London_11.jpg
./images/test\London_crop_59.png,London_00.jpg
./images/test\London_crop_6.png,London_10.jpg
./images/test\London_crop_60.png,London_10.jpg
./images/test\London_crop_61.png,London_11.jpg
./images/test\London_crop_62.png,London_11.jpg
./images/test\London_crop_63.png,London_10.jpg
./images/test\London_crop_64.png,London_10.jpg
./images/test\London_crop_65.png,London_00.jpg
./images/test\London_crop_66.png,London_11.jpg
./images/test\London_crop_67.png,London_11.jpg
./images/test\London_crop_68.png,London_11.jpg
./images/test\London_crop_7.png,London_10.jpg
./images/test\London_crop_70.png,London_11.jpg
./images/test\London_crop_72.png,Zagreb_01.jpg
./images/test\London_crop_73.png,Paris_10.jpg
./images/test\London_crop_74.png,London_10.jpg
./images/test\London_crop_75.png,London_11.jpg
./images/test\London_crop_77.png,London_10.jpg
./images/test\London_crop_78.png,London_00.jpg
./images/test\London_crop_79.png,Barcelona_10.jpg
./images/test\London_crop_80.png,London_10.jpg
./images/test\London_crop_82.png,Zagreb_01.jpg
./images/test\London_crop_83.png,London_00.jpg
./images/test\London_crop_85.png,London_00.jpg
./images/test\London_crop_86.png,London_00.jpg
./images/test\London_crop_87.png,London_11.jpg
./images/test\London_crop_88.png,London_10.jpg
./images/test\London_crop_89.png,London_00.jpg
./images/test\London_crop_9.png,London_11.jpg
./images/test\London_crop_90.png,London_11.jpg
./images/test\London_crop_91.png,London_11.jpg
./images/test\London_crop_92.png,London_11.jpg
./images/test\London_crop_93.png,London_10.jpg
./images/test\London_crop_94.png,London_00.jpg
./images/test\London_crop_95.png,London_10.jpg
./images/test\London_crop_96.png,Berlin_11.jpg
./images/test\London_crop_97.png,London_11.jpg
./images/test\London_crop_99.png,London_10.jpg
./images/test\Madrid_crop_0.png,Barcelona_10.jpg
./images/test\Madrid_crop_1.png,Madrid_01.jpg
./images/test\Madrid_crop_10.png,Madrid_01.jpg
./images/test\Madrid_crop_11.png,Madrid_01.jpg
./images/test\Madrid_crop_12.png,Madrid_10.jpg
./images/test\Madrid_crop_13.png,Madrid_01.jpg
./images/test\Madrid_crop_14.png,Madrid_01.jpg
./images/test\Madrid_crop_15.png,Madrid_10.jpg
./images/test\Madrid_crop_16.png,Madrid_10.jpg
./images/test\Madrid_crop_17.png,Madrid_01.jpg
./images/test\Madrid_crop_18.png,Budapest_11.jpg
./images/test\Madrid_crop_19.png,Madrid_10.jpg
./images/test\Madrid_crop_2.png,Madrid_01.jpg
./images/test\Madrid_crop_20.png,Madrid_00.jpg
./images/test\Madrid_crop_21.png,Barcelona_01.jpg
./images/test\Madrid_crop_22.png,Madrid_01.jpg
./images/test\Madrid_crop_23.png,Budapest_10.jpg
./images/test\Madrid_crop_24.png,Berlin_11.jpg
./images/test\Madrid_crop_25.png,Barcelona_10.jpg
./images/test\Madrid_crop_26.png,Budapest_10.jpg
./images/test\Madrid_crop_27.png,Madrid_10.jpg
./images/test\Madrid_crop_28.png,Madrid_10.jpg
./images/test\Madrid_crop_29.png,Madrid_01.jpg
./images/test\Madrid_crop_3.png,Madrid_10.jpg
./images/test\Madrid_crop_30.png,Madrid_10.jpg
./images/test\Madrid_crop_31.png,Madrid_10.jpg
./images/test\Madrid_crop_32.png,Madrid_01.jpg
./images/test\Madrid_crop_33.png,Madrid_10.jpg
./images/test\Madrid_crop_34.png,Madrid_00.jpg
./images/test\Madrid_crop_35.png,Madrid_10.jpg
./images/test\Madrid_crop_36.png,Budapest_11.jpg
./images/test\Madrid_crop_37.png,Madrid_01.jpg
./images/test\Madrid_crop_38.png,Barcelona_01.jpg
./images/test\Madrid_crop_39.png,Budapest_11.jpg
./images/test\Madrid_crop_4.png,Madrid_00.jpg
./images/test\Madrid_crop_40.png,Madrid_01.jpg
./images/test\Madrid_crop_41.png,Barcelona_10.jpg
./images/test\Madrid_crop_42.png,Stockholm_10.jpg
./images/test\Madrid_crop_43.png,Madrid_01.jpg
./images/test\Madrid_crop_44.png,Barcelona_11.jpg
./images/test\Madrid_crop_45.png,Madrid_00.jpg
./images/test\Madrid_crop_46.png,Madrid_01.jpg
./images/test\Madrid_crop_47.png,Madrid_11.jpg
./images/test\Madrid_crop_48.png,Madrid_10.jpg
./images/test\Madrid_crop_49.png,Berlin_11.jpg
./images/test\Madrid_crop_5.png,Budapest_11.jpg
./images/test\Madrid_crop_50.png,Stockholm_10.jpg
./images/test\Madrid_crop_51.png,Madrid_01.jpg
./images/test\Madrid_crop_52.png,Madrid_10.jpg
./images/test\Madrid_crop_53.png,Budapest_01.jpg
./images/test\Madrid_crop_54.png,Madrid_01.jpg
./images/test\Madrid_crop_55.png,Berlin_11.jpg
./images/test\Madrid_crop_56.png,Madrid_01.jpg
./images/test\Madrid_crop_57.png,Madrid_01.jpg
./images/test\Madrid_crop_58.png,Budapest_11.jpg
./images/test\Madrid_crop_59.png,Stockholm_10.jpg
./images/test\Madrid_crop_6.png,Madrid_01.jpg
./images/test\Madrid_crop_60.png,Budapest_11.jpg
./images/test\Madrid_crop_61.png,Madrid_01.jpg
./images/test\Madrid_crop_62.png,Madrid_01.jpg
./images/test\Madrid_crop_64.png,Barcelona_10.jpg
./images/test\Madrid_crop_65.png,Madrid_01.jpg
./images/test\Madrid_crop_66.png,Budapest_00.jpg
./images/test\Madrid_crop_67.png,Madrid_01.jpg
./images/test\Madrid_crop_68.png,Barcelona_01.jpg
./images/test\Madrid_crop_69.png,Madrid_01.jpg
./images/test\Madrid_crop_7.png,Madrid_00.jpg
./images/test\Madrid_crop_70.png,Barcelona_10.jpg
./images/test\Madrid_crop_71.png,Madrid_10.jpg
./images/test\Madrid_crop_72.png,Madrid_01.jpg
./images/test\Madrid_crop_73.png,Stockholm_01.jpg
./images/test\Madrid_crop_74.png,Barcelona_10.jpg
./images/test\Madrid_crop_75.png,Stockholm_10.jpg
./images/test\Madrid_crop_76.png,Madrid_10.jpg
./images/test\Madrid_crop_77.png,Madrid_10.jpg
./images/test\Madrid_crop_78.png,Madrid_01.jpg
./images/test\Madrid_crop_79.png,Madrid_11.jpg
./images/test\Madrid_crop_8.png,Budapest_11.jpg
./images/test\Madrid_crop_80.png,Madrid_00.jpg
./images/test\Madrid_crop_81.png,Madrid_01.jpg
./images/test\Madrid_crop_82.png,Budapest_01.jpg
./images/test\Madrid_crop_83.png,Barcelona_01.jpg
./images/test\Madrid_crop_84.png,Madrid_10.jpg
./images/test\Madrid_crop_85.png,Madrid_01.jpg
./images/test\Madrid_crop_86.png,Madrid_01.jpg
./images/test\Madrid_crop_87.png,Stockholm_10.jpg
./images/test\Madrid_crop_88.png,Madrid_11.jpg
./images/test\Madrid_crop_89.png,Budapest_01.jpg
./images/test\Madrid_crop_9.png,Madrid_01.jpg
./images/test\Madrid_crop_90.png,Madrid_10.jpg
./images/test\Madrid_crop_92.png,Madrid_10.jpg
./images/test\Madrid_crop_93.png,Madrid_10.jpg
./images/test\Madrid_crop_94.png,Barcelona_10.jpg
./images/test\Madrid_crop_95.png,Madrid_01.jpg
./images/test\Madrid_crop_96.png,Stockholm_10.jpg
./images/test\Madrid_crop_97.png,Barcelona_10.jpg
./images/test\Madrid_crop_98.png,Madrid_01.jpg
./images/test\Madrid_crop_99.png,Budapest_11.jpg
./images/test\Paris_crop_0.png,Budapest_10.jpg
./images/test\Paris_crop_1.png,Budapest_11.jpg
./images/test\Paris_crop_10.png,Budapest_11.jpg
./images/test\Paris_crop_11.png,Paris_11.jpg
./images/test\Paris_crop_12.png,Budapest_10.jpg
./images/test\Paris_crop_14.png,Madrid_11.jpg
./images/test\Paris_crop_16.png,Paris_10.jpg
./images/test\Paris_crop_17.png,Paris_10.jpg
./images/test\Paris_crop_18.png,Madrid_11.jpg
./images/test\Paris_crop_19.png,Madrid_11.jpg
./images/test\Paris_crop_2.png,Madrid_11.jpg
./images/test\Paris_crop_20.png,Paris_10.jpg
./images/test\Paris_crop_21.png,Madrid_11.jpg
./images/test\Paris_crop_24.png,Paris_10.jpg
./images/test\Paris_crop_25.png,Madrid_01.jpg
./images/test\Paris_crop_26.png,Barcelona_01.jpg
./images/test\Paris_crop_27.png,Madrid_01.jpg
./images/test\Paris_crop_3.png,Paris_10.jpg
./images/test\Paris_crop_30.png,Paris_10.jpg
./images/test\Paris_crop_31.png,Madrid_11.jpg
./images/test\Paris_crop_32.png,Budapest_11.jpg
./images/test\Paris_crop_33.png,Budapest_11.jpg
./images/test\Paris_crop_34.png,Madrid_11.jpg
./images/test\Paris_crop_35.png,Madrid_11.jpg
./images/test\Paris_crop_36.png,Madrid_01.jpg
./images/test\Paris_crop_37.png,Budapest_11.jpg
./images/test\Paris_crop_38.png,Madrid_11.jpg
./images/test\Paris_crop_39.png,Paris_10.jpg
./images/test\Paris_crop_4.png,Madrid_11.jpg
./images/test\Paris_crop_40.png,Paris_10.jpg
./images/test\Paris_crop_41.png,Madrid_11.jpg
./images/test\Paris_crop_42.png,Paris_10.jpg
./images/test\Paris_crop_44.png,Paris_10.jpg
./images/test\Paris_crop_45.png,Madrid_01.jpg
./images/test\Paris_crop_46.png,Paris_10.jpg
./images/test\Paris_crop_47.png,Budapest_10.jpg
./images/test\Paris_crop_48.png,Madrid_11.jpg
./images/test\Paris_crop_49.png,Madrid_11.jpg
./images/test\Paris_crop_5.png,Paris_10.jpg
./images/test\Paris_crop_50.png,Madrid_11.jpg
./images/test\Paris_crop_51.png,Madrid_11.jpg
./images/test\Paris_crop_52.png,Budapest_11.jpg
./images/test\Paris_crop_53.png,Paris_10.jpg
./images/test\Paris_crop_54.png,Madrid_11.jpg
./images/test\Paris_crop_55.png,Paris_10.jpg
./images/test\Paris_crop_56.png,Paris_10.jpg
./images/test\Paris_crop_57.png,Paris_10.jpg
./images/test\Paris_crop_58.png,Paris_10.jpg
./images/test\Paris_crop_59.png,Paris_10.jpg
./images/test\Paris_crop_6.png,Budapest_11.jpg
./images/test\Paris_crop_60.png,Budapest_11.jpg
./images/test\Paris_crop_61.png,Budapest_00.jpg
./images/test\Paris_crop_63.png,Paris_10.jpg
./images/test\Paris_crop_64.png,Madrid_11.jpg
./images/test\Paris_crop_65.png,Madrid_01.jpg
./images/test\Paris_crop_66.png,Budapest_11.jpg
./images/test\Paris_crop_67.png,Madrid_11.jpg
./images/test\Paris_crop_68.png,Madrid_11.jpg
./images/test\Paris_crop_69.png,Budapest_11.jpg
./images/test\Paris_crop_7.png,Paris_10.jpg
./images/test\Paris_crop_70.png,Madrid_01.jpg
./images/test\Paris_crop_72.png,Paris_10.jpg
./images/test\Paris_crop_73.png,Budapest_11.jpg
./images/test\Paris_crop_75.png,Madrid_01.jpg
./images/test\Paris_crop_76.png,Budapest_11.jpg
./images/test\Paris_crop_77.png,Madrid_01.jpg
./images/test\Paris_crop_78.png,Madrid_01.jpg
./images/test\Paris_crop_79.png,Budapest_10.jpg
./images/test\Paris_crop_8.png,Paris_10.jpg
./images/test\Paris_crop_80.png,Budapest_11.jpg
./images/test\Paris_crop_81.png,Paris_10.jpg
./images/test\Paris_crop_82.png,Paris_10.jpg
./images/test\Paris_crop_83.png,Budapest_10.jpg
./images/test\Paris_crop_85.png,Budapest_11.jpg
./images/test\Paris_crop_86.png,Budapest_11.jpg
./images/test\Paris_crop_87.png,Budapest_10.jpg
./images/test\Paris_crop_88.png,Madrid_01.jpg
./images/test\Paris_crop_89.png,Budapest_11.jpg
./images/test\Paris_crop_9.png,Madrid_01.jpg
./images/test\Paris_crop_91.png,Paris_10.jpg
./images/test\Paris_crop_92.png,Budapest_11.jpg
./images/test\Paris_crop_94.png,Madrid_01.jpg
./images/test\Paris_crop_95.png,Budapest_10.jpg
./images/test\Paris_crop_96.png,Madrid_01.jpg
./images/test\Paris_crop_97.png,Paris_10.jpg
./images/test\Paris_crop_98.png,Madrid_11.jpg
./images/test\Paris_crop_99.png,Madrid_11.jpg
./images/test\Riga_crop_0.png,Riga_10.jpg
./images/test\Riga_crop_1.png,Riga_01.jpg
./images/test\Riga_crop_10.png,Riga_10.jpg
./images/test\Riga_crop_11.png,Riga_01.jpg
./images/test\Riga_crop_12.png,Riga_01.jpg
./images/test\Riga_crop_13.png,Tallinn_00.jpg
./images/test\Riga_crop_14.png,Berlin_10.jpg
./images/test\Riga_crop_15.png,Riga_11.jpg
./images/test\Riga_crop_16.png,Riga_11.jpg
./images/test\Riga_crop_17.png,Riga_01.jpg
./images/test\Riga_crop_18.png,Riga_01.jpg
./images/test\Riga_crop_2.png,Berlin_10.jpg
./images/test\Riga_crop_20.png,Tallinn_01.jpg
./images/test\Riga_crop_21.png,Tallinn_00.jpg
./images/test\Riga_crop_23.png,Riga_01.jpg
./images/test\Riga_crop_24.png,Riga_01.jpg
./images/test\Riga_crop_25.png,Riga_01.jpg
./images/test\Riga_crop_26.png,Riga_00.jpg
./images/test\Riga_crop_27.png,Tallinn_01.jpg
./images/test\Riga_crop_3.png,Tallinn_00.jpg
./images/test\Riga_crop_30.png,Tallinn_01.jpg
./images/test\Riga_crop_31.png,Tallinn_00.jpg
./images/test\Riga_crop_32.png,Tallinn_01.jpg
./images/test\Riga_crop_34.png,Riga_10.jpg
./images/test\Riga_crop_35.png,Riga_00.jpg
./images/test\Riga_crop_36.png,Tallinn_01.jpg
./images/test\Riga_crop_37.png,Madrid_10.jpg
./images/test\Riga_crop_38.png,Tallinn_00.jpg
./images/test\Riga_crop_39.png,Riga_10.jpg
./images/test\Riga_crop_4.png,Riga_10.jpg
./images/test\Riga_crop_40.png,Tallinn_01.jpg
./images/test\Riga_crop_41.png,Riga_01.jpg
./images/test\Riga_crop_42.png,Riga_01.jpg
./images/test\Riga_crop_44.png,Tallinn_00.jpg
./images/test\Riga_crop_46.png,Tallinn_01.jpg
./images/test\Riga_crop_47.png,Riga_10.jpg
./images/test\Riga_crop_48.png,Tallinn_00.jpg
./images/test\Riga_crop_5.png,Tallinn_01.jpg
./images/test\Riga_crop_52.png,Riga_10.jpg
./images/test\Riga_crop_53.png,Riga_10.jpg
./images/test\Riga_crop_54.png,Tallinn_00.jpg
./images/test\Riga_crop_55.png,Riga_01.jpg
./images/test\Riga_crop_56.png,Tallinn_01.jpg
./images/test\Riga_crop_57.png,Riga_10.jpg
./images/test\Riga_crop_59.png,Riga_10.jpg
./images/test\Riga_crop_6.png,Tallinn_00.jpg
./images/test\Riga_crop_60.png,Tallinn_00.jpg
./images/test\Riga_crop_61.png,Tallinn_00.jpg
./images/test\Riga_crop_62.png,Riga_10.jpg
./images/test\Riga_crop_64.png,Tallinn_01.jpg
./images/test\Riga_crop_66.png,Berlin_10.jpg
./images/test\Riga_crop_67.png,Riga_01.jpg
./images/test\Riga_crop_68.png,Tallinn_00.jpg
./images/test\Riga_crop_69.png,Tallinn_01.jpg
./images/test\Riga_crop_7.png,Tallinn_00.jpg
./images/test\Riga_crop_70.png,Riga_10.jpg
./images/test\Riga_crop_71.png,Berlin_10.jpg
./images/test\Riga_crop_73.png,Riga_11.jpg
./images/test\Riga_crop_75.png,Tallinn_01.jpg
./images/test\Riga_crop_76.png,Tallinn_00.jpg
./images/test\Riga_crop_77.png,Riga_01.jpg
./images/test\Riga_crop_78.png,London_00.jpg
./images/test\Riga_crop_79.png,Tallinn_00.jpg
./images/test\Riga_crop_8.png,Tallinn_01.jpg
./images/test\Riga_crop_81.png,Riga_01.jpg
./images/test\Riga_crop_82.png,Riga_01.jpg
./images/test\Riga_crop_83.png,London_00.jpg
./images/test\Riga_crop_84.png,Riga_01.jpg
./images/test\Riga_crop_85.png,Riga_11.jpg
./images/test\Riga_crop_86.png,Riga_01.jpg
./images/test\Riga_crop_87.png,Riga_01.jpg
./images/test\Riga_crop_88.png,Tallinn_00.jpg
./images/test\Riga_crop_89.png,Riga_01.jpg
./images/test\Riga_crop_9.png,Riga_01.jpg
./images/test\Riga_crop_90.png,Tallinn_00.jpg
./images/test\Riga_crop_92.png,Riga_11.jpg
./images/test\Riga_crop_93.png,Tallinn_01.jpg
./images/test\Riga_crop_94.png,Tallinn_01.jpg
./images/test\Riga_crop_96.png,Tallinn_01.jpg
./images/test\Riga_crop_97.png,London_00.jpg
./images/test\Riga_crop_98.png,Riga_10.jpg
./images/test\Riga_crop_99.png,Riga_01.jpg
./images/test\Stockholm_crop_0.png,Stockholm_10.jpg
./images/test\Stockholm_crop_1.png,Stockholm_00.jpg
./images/test\Stockholm_crop_10.png,Stockholm_00.jpg
./images/test\Stockholm_crop_11.png,Stockholm_10.jpg
./images/test\Stockholm_crop_12.png,Stockholm_00.jpg
./images/test\Stockholm_crop_13.png,Stockholm_11.jpg
./images/test\Stockholm_crop_14.png,Stockholm_10.jpg
./images/test\Stockholm_crop_15.png,Stockholm_10.jpg
./images/test\Stockholm_crop_16.png,Stockholm_10.jpg
./images/test\Stockholm_crop_17.png,Stockholm_10.jpg
./images/test\Stockholm_crop_18.png,Stockholm_10.jpg
./images/test\Stockholm_crop_19.png,Stockholm_00.jpg
./images/test\Stockholm_crop_2.png,Stockholm_00.jpg
./images/test\Stockholm_crop_20.png,Stockholm_00.jpg
./images/test\Stockholm_crop_21.png,Barcelona_10.jpg
./images/test\Stockholm_crop_22.png,Stockholm_00.jpg
./images/test\Stockholm_crop_24.png,Stockholm_10.jpg
./images/test\Stockholm_crop_25.png,Stockholm_00.jpg
./images/test\Stockholm_crop_26.png,Stockholm_10.jpg
./images/test\Stockholm_crop_27.png,Stockholm_10.jpg
./images/test\Stockholm_crop_29.png,Stockholm_10.jpg
./images/test\Stockholm_crop_3.png,Stockholm_00.jpg
./images/test\Stockholm_crop_30.png,Stockholm_10.jpg
./images/test\Stockholm_crop_31.png,Stockholm_00.jpg
./images/test\Stockholm_crop_32.png,Stockholm_00.jpg
./images/test\Stockholm_crop_33.png,Barcelona_10.jpg
./images/test\Stockholm_crop_34.png,Stockholm_00.jpg
./images/test\Stockholm_crop_35.png,Barcelona_10.jpg
./images/test\Stockholm_crop_39.png,Stockholm_00.jpg
./images/test\Stockholm_crop_4.png,Stockholm_10.jpg
./images/test\Stockholm_crop_40.png,Stockholm_00.jpg
./images/test\Stockholm_crop_41.png,Stockholm_01.jpg
./images/test\Stockholm_crop_42.png,Stockholm_10.jpg
./images/test\Stockholm_crop_43.png,Barcelona_01.jpg
./images/test\Stockholm_crop_44.png,Stockholm_01.jpg
./images/test\Stockholm_crop_45.png,Stockholm_10.jpg
./images/test\Stockholm_crop_46.png,Stockholm_10.jpg
./images/test\Stockholm_crop_47.png,Stockholm_10.jpg
./images/test\Stockholm_crop_48.png,Stockholm_00.jpg
./images/test\Stockholm_crop_49.png,Stockholm_00.jpg
./images/test\Stockholm_crop_5.png,Stockholm_11.jpg
./images/test\Stockholm_crop_50.png,Stockholm_00.jpg
./images/test\Stockholm_crop_51.png,Stockholm_01.jpg
./images/test\Stockholm_crop_52.png,Stockholm_00.jpg
./images/test\Stockholm_crop_54.png,Stockholm_11.jpg
./images/test\Stockholm_crop_55.png,Stockholm_00.jpg
./images/test\Stockholm_crop_56.png,Stockholm_00.jpg
./images/test\Stockholm_crop_57.png,Stockholm_00.jpg
./images/test\Stockholm_crop_58.png,Stockholm_00.jpg
./images/test\Stockholm_crop_59.png,Stockholm_00.jpg
./images/test\Stockholm_crop_6.png,Stockholm_10.jpg
./images/test\Stockholm_crop_61.png,Barcelona_01.jpg
./images/test\Stockholm_crop_62.png,Stockholm_10.jpg
./images/test\Stockholm_crop_63.png,Stockholm_00.jpg
./images/test\Stockholm_crop_65.png,Stockholm_00.jpg
./images/test\Stockholm_crop_66.png,Stockholm_00.jpg
./images/test\Stockholm_crop_68.png,Stockholm_10.jpg
./images/test\Stockholm_crop_69.png,Stockholm_10.jpg
./images/test\Stockholm_crop_7.png,Barcelona_01.jpg
./images/test\Stockholm_crop_70.png,Stockholm_00.jpg
./images/test\Stockholm_crop_72.png,Stockholm_00.jpg
./images/test\Stockholm_crop_74.png,Stockholm_10.jpg
./images/test\Stockholm_crop_75.png,Stockholm_11.jpg
./images/test\Stockholm_crop_76.png,Stockholm_10.jpg
./images/test\Stockholm_crop_77.png,Stockholm_00.jpg
./images/test\Stockholm_crop_78.png,Stockholm_01.jpg
./images/test\Stockholm_crop_79.png,Stockholm_00.jpg
./images/test\Stockholm_crop_8.png,Stockholm_10.jpg
./images/test\Stockholm_crop_82.png,Stockholm_10.jpg
./images/test\Stockholm_crop_83.png,Barcelona_10.jpg
./images/test\Stockholm_crop_84.png,Stockholm_01.jpg
./images/test\Stockholm_crop_85.png,Stockholm_01.jpg
./images/test\Stockholm_crop_86.png,Barcelona_01.jpg
./images/test\Stockholm_crop_87.png,Stockholm_10.jpg
./images/test\Stockholm_crop_88.png,Stockholm_10.jpg
./images/test\Stockholm_crop_89.png,Stockholm_00.jpg
./images/test\Stockholm_crop_9.png,Stockholm_00.jpg
./images/test\Stockholm_crop_90.png,Stockholm_00.jpg
./images/test\Stockholm_crop_91.png,Stockholm_00.jpg
./images/test\Stockholm_crop_92.png,Stockholm_10.jpg
./images/test\Stockholm_crop_93.png,Stockholm_10.jpg
./images/test\Stockholm_crop_94.png,Stockholm_01.jpg
./images/test\Stockholm_crop_95.png,Stockholm_00.jpg
./images/test\Stockholm_crop_96.png,Barcelona_01.jpg
./images/test\Stockholm_crop_97.png,Stockholm_11.jpg
./images/test\Stockholm_crop_98.png,Stockholm_01.jpg
./images/test\Tallinn_crop_0.png,London_00.jpg
./images/test\Tallinn_crop_1.png,Riga_01.jpg
./images/test\Tallinn_crop_11.png,Tallinn_01.jpg
./images/test\Tallinn_crop_13.png,Riga_01.jpg
./images/test\Tallinn_crop_14.png,Tallinn_11.jpg
./images/test\Tallinn_crop_15.png,Barcelona_11.jpg
./images/test\Tallinn_crop_16.png,Riga_01.jpg
./images/test\Tallinn_crop_17.png,Berlin_10.jpg
./images/test\Tallinn_crop_18.png,Berlin_10.jpg
./images/test\Tallinn_crop_19.png,Tallinn_01.jpg
./images/test\Tallinn_crop_2.png,Riga_11.jpg
./images/test\Tallinn_crop_22.png,Tallinn_00.jpg
./images/test\Tallinn_crop_25.png,Berlin_01.jpg
./images/test\Tallinn_crop_26.png,Tallinn_11.jpg
./images/test\Tallinn_crop_27.png,Riga_01.jpg
./images/test\Tallinn_crop_29.png,Berlin_11.jpg
./images/test\Tallinn_crop_3.png,London_00.jpg
./images/test\Tallinn_crop_30.png,Riga_01.jpg
./images/test\Tallinn_crop_31.png,Tallinn_00.jpg
./images/test\Tallinn_crop_32.png,Riga_01.jpg
./images/test\Tallinn_crop_34.png,Tallinn_01.jpg
./images/test\Tallinn_crop_36.png,Tallinn_00.jpg
./images/test\Tallinn_crop_37.png,Riga_01.jpg
./images/test\Tallinn_crop_39.png,Tallinn_00.jpg
./images/test\Tallinn_crop_4.png,Tallinn_00.jpg
./images/test\Tallinn_crop_40.png,Riga_01.jpg
./images/test\Tallinn_crop_41.png,Riga_10.jpg
./images/test\Tallinn_crop_42.png,Tallinn_00.jpg
./images/test\Tallinn_crop_45.png,London_01.jpg
./images/test\Tallinn_crop_46.png,Tallinn_00.jpg
./images/test\Tallinn_crop_47.png,Tallinn_00.jpg
./images/test\Tallinn_crop_48.png,Tallinn_00.jpg
./images/test\Tallinn_crop_50.png,Tallinn_11.jpg
./images/test\Tallinn_crop_51.png,Berlin_01.jpg
./images/test\Tallinn_crop_52.png,Berlin_01.jpg
./images/test\Tallinn_crop_55.png,Tallinn_01.jpg
./images/test\Tallinn_crop_56.png,London_10.jpg
./images/test\Tallinn_crop_57.png,London_00.jpg
./images/test\Tallinn_crop_58.png,Riga_11.jpg
./images/test\Tallinn_crop_59.png,Tallinn_00.jpg
./images/test\Tallinn_crop_6.png,Berlin_10.jpg
./images/test\Tallinn_crop_61.png,Riga_11.jpg
./images/test\Tallinn_crop_63.png,Berlin_01.jpg
./images/test\Tallinn_crop_64.png,Tallinn_00.jpg
./images/test\Tallinn_crop_65.png,Tallinn_00.jpg
./images/test\Tallinn_crop_66.png,Tallinn_00.jpg
./images/test\Tallinn_crop_67.png,Tallinn_11.jpg
./images/test\Tallinn_crop_68.png,Madrid_10.jpg
./images/test\Tallinn_crop_69.png,Riga_01.jpg
./images/test\Tallinn_crop_7.png,Zagreb_10.jpg
./images/test\Tallinn_crop_70.png,Tallinn_11.jpg
./images/test\Tallinn_crop_72.png,Tallinn_01.jpg
./images/test\Tallinn_crop_73.png,London_01.jpg
./images/test\Tallinn_crop_74.png,Tallinn_00.jpg
./images/test\Tallinn_crop_75.png,Tallinn_00.jpg
./images/test\Tallinn_crop_76.png,Tallinn_00.jpg
./images/test\Tallinn_crop_78.png,Madrid_10.jpg
./images/test\Tallinn_crop_79.png,London_01.jpg
./images/test\Tallinn_crop_80.png,Zagreb_01.jpg
./images/test\Tallinn_crop_81.png,Tallinn_01.jpg
./images/test\Tallinn_crop_82.png,Tallinn_11.jpg
./images/test\Tallinn_crop_83.png,Riga_01.jpg
./images/test\Tallinn_crop_84.png,Berlin_01.jpg
./images/test\Tallinn_crop_85.png,Tallinn_00.jpg
./images/test\Tallinn_crop_86.png,Tallinn_11.jpg
./images/test\Tallinn_crop_89.png,Riga_10.jpg
./images/test\Tallinn_crop_9.png,Zagreb_01.jpg
./images/test\Tallinn_crop_91.png,Tallinn_01.jpg
./images/test\Tallinn_crop_92.png,Tallinn_00.jpg
./images/test\Tallinn_crop_93.png,Riga_10.jpg
./images/test\Tallinn_crop_94.png,Riga_01.jpg
./images/test\Tallinn_crop_95.png,Berlin_11.jpg
./images/test\Tallinn_crop_96.png,Tallinn_00.jpg
./images/test\Tallinn_crop_98.png,Tallinn_00.jpg
./images/test\Tallinn_crop_99.png,Riga_01.jpg
./images/test\Zagreb_crop_0.png,Zagreb_01.jpg
./images/test\Zagreb_crop_1.png,Zagreb_01.jpg
./images/test\Zagreb_crop_10.png,Barcelona_11.jpg
./images/test\Zagreb_crop_11.png,Zagreb_10.jpg
./images/test\Zagreb_crop_12.png,Zagreb_00.jpg
./images/test\Zagreb_crop_13.png,Zagreb_01.jpg
./images/test\Zagreb_crop_14.png,Zagreb_00.jpg
./images/test\Zagreb_crop_15.png,Zagreb_10.jpg
./images/test\Zagreb_crop_16.png,Zagreb_10.jpg
./images/test\Zagreb_crop_17.png,Zagreb_00.jpg
./images/test\Zagreb_crop_18.png,Zagreb_10.jpg
./images/test\Zagreb_crop_19.png,Zagreb_10.jpg
./images/test\Zagreb_crop_2.png,Zagreb_01.jpg
./images/test\Zagreb_crop_20.png,Zagreb_00.jpg
./images/test\Zagreb_crop_21.png,Zagreb_10.jpg
./images/test\Zagreb_crop_22.png,Zagreb_01.jpg
./images/test\Zagreb_crop_23.png,Zagreb_00.jpg
./images/test\Zagreb_crop_24.png,Zagreb_11.jpg
./images/test\Zagreb_crop_25.png,Zagreb_10.jpg
./images/test\Zagreb_crop_26.png,Zagreb_01.jpg
./images/test\Zagreb_crop_27.png,Zagreb_00.jpg
./images/test\Zagreb_crop_28.png,Zagreb_00.jpg
./images/test\Zagreb_crop_29.png,Zagreb_01.jpg
./images/test\Zagreb_crop_3.png,Zagreb_01.jpg
./images/test\Zagreb_crop_30.png,Zagreb_01.jpg
./images/test\Zagreb_crop_31.png,Zagreb_00.jpg
./images/test\Zagreb_crop_32.png,Zagreb_01.jpg
./images/test\Zagreb_crop_33.png,Zagreb_01.jpg
./images/test\Zagreb_crop_34.png,Zagreb_10.jpg
./images/test\Zagreb_crop_35.png,Zagreb_10.jpg
./images/test\Zagreb_crop_36.png,Barcelona_10.jpg
./images/test\Zagreb_crop_37.png,Zagreb_11.jpg
./images/test\Zagreb_crop_38.png,Zagreb_11.jpg
./images/test\Zagreb_crop_39.png,London_00.jpg
./images/test\Zagreb_crop_4.png,Barcelona_10.jpg
./images/test\Zagreb_crop_40.png,Zagreb_10.jpg
./images/test\Zagreb_crop_41.png,Zagreb_11.jpg
./images/test\Zagreb_crop_42.png,London_00.jpg
./images/test\Zagreb_crop_43.png,Zagreb_01.jpg
./images/test\Zagreb_crop_44.png,Zagreb_00.jpg
./images/test\Zagreb_crop_45.png,Zagreb_11.jpg
./images/test\Zagreb_crop_46.png,Zagreb_01.jpg
./images/test\Zagreb_crop_47.png,Zagreb_10.jpg
./images/test\Zagreb_crop_48.png,Zagreb_00.jpg
./images/test\Zagreb_crop_49.png,Zagreb_00.jpg
./images/test\Zagreb_crop_5.png,Zagreb_00.jpg
./images/test\Zagreb_crop_50.png,Zagreb_10.jpg
./images/test\Zagreb_crop_51.png,Zagreb_01.jpg
./images/test\Zagreb_crop_52.png,Zagreb_00.jpg
./images/test\Zagreb_crop_53.png,Zagreb_01.jpg
./images/test\Zagreb_crop_54.png,Zagreb_10.jpg
./images/test\Zagreb_crop_55.png,Zagreb_10.jpg
./images/test\Zagreb_crop_56.png,Zagreb_00.jpg
./images/test\Zagreb_crop_57.png,Zagreb_01.jpg
./images/test\Zagreb_crop_58.png,Zagreb_10.jpg
./images/test\Zagreb_crop_59.png,Zagreb_10.jpg
./images/test\Zagreb_crop_6.png,Zagreb_10.jpg
./images/test\Zagreb_crop_60.png,Zagreb_01.jpg
./images/test\Zagreb_crop_61.png,Zagreb_01.jpg
./images/test\Zagreb_crop_62.png,Zagreb_00.jpg
./images/test\Zagreb_crop_63.png,Zagreb_01.jpg
./images/test\Zagreb_crop_64.png,Zagreb_10.jpg
./images/test\Zagreb_crop_65.png,Zagreb_11.jpg
./images/test\Zagreb_crop_66.png,Zagreb_10.jpg
./images/test\Zagreb_crop_67.png,Zagreb_01.jpg
./images/test\Zagreb_crop_68.png,Zagreb_01.jpg
./images/test\Zagreb_crop_69.png,Zagreb_00.jpg
./images/test\Zagreb_crop_7.png,Zagreb_11.jpg
./images/test\Zagreb_crop_70.png,Zagreb_11.jpg
./images/test\Zagreb_crop_71.png,Zagreb_01.jpg
./images/test\Zagreb_crop_72.png,Zagreb_01.jpg
./images/test\Zagreb_crop_73.png,Zagreb_00.jpg
./images/test\Zagreb_crop_74.png,Zagreb_11.jpg
./images/test\Zagreb_crop_75.png,Zagreb_01.jpg
./images/test\Zagreb_crop_76.png,Zagreb_00.jpg
./images/test\Zagreb_crop_77.png,Zagreb_00.jpg
./images/test\Zagreb_crop_78.png,Zagreb_01.jpg
./images/test\Zagreb_crop_79.png,Zagreb_01.jpg
./images/test\Zagreb_crop_8.png,Zagreb_01.jpg
./images/test\Zagreb_crop_80.png,Zagreb_01.jpg
./images/test\Zagreb_crop_81.png,Zagreb_10.jpg
./images/test\Zagreb_crop_82.png,Zagreb_11.jpg
./images/test\Zagreb_crop_83.png,London_00.jpg
./images/test\Zagreb_crop_84.png,Zagreb_10.jpg
./images/test\Zagreb_crop_85.png,Zagreb_01.jpg
./images/test\Zagreb_crop_86.png,Zagreb_00.jpg
./images/test\Zagreb_crop_87.png,Zagreb_10.jpg
./images/test\Zagreb_crop_88.png,Zagreb_10.jpg
./images/test\Zagreb_crop_89.png,Zagreb_10.jpg
./images/test\Zagreb_crop_9.png,Zagreb_00.jpg
./images/test\Zagreb_crop_90.png,Zagreb_10.jpg
./images/test\Zagreb_crop_91.png,Zagreb_10.jpg
./images/test\Zagreb_crop_92.png,Zagreb_00.jpg
./images/test\Zagreb_crop_93.png,Zagreb_00.jpg
./images/test\Zagreb_crop_94.png,Zagreb_00.jpg
./images/test\Zagreb_crop_95.png,Zagreb_10.jpg
./images/test\Zagreb_crop_96.png,Zagreb_10.jpg
./images/test\Zagreb_crop_97.png,Zagreb_00.jpg
./images/test\Zagreb_crop_98.png,Zagreb_01.jpg
./images/test\Zagreb_crop_99.png,Zagreb_01.jpg
